[
    {"date":"August26","day":"First Day"},
    {"date":"August27","day":"A"},
    {"date":"August28","day":"B"},
    {"date":"August29","day":"A"},
    {"date":"August30","day":"School Holiday"},
    {"date":"September02","day":"School Holiday"},
    {"date":"September03","day":"B"},
    {"date":"September04","day":"A"},
    {"date":"September05","day":"B"},
    {"date":"September06","day":"A"},
    {"date":"September09","day":"B"},
    {"date":"September10","day":"A"},
    {"date":"September11","day":"B"},
    {"date":"September12","day":"A"},
    {"date":"September13","day":"B"},
    {"date":"September16","day":"A"},
    {"date":"September17","day":"B"},
    {"date":"September18","day":"A"},
    {"date":"September19","day":"B"},
    {"date":"September20","day":"A"},
    {"date":"September23","day":"B"},
    {"date":"September24","day":"A"},
    {"date":"September25","day":"B"},
    {"date":"September26","day":"A"},
    {"date":"September27","day":"B"},
    {"date":"September30","day":"A"},
    {"date":"October01","day":"B"},
    {"date":"October02","day":"A"},
    {"date":"October03","day":"School Holiday"},
    {"date":"October04","day":"B"},
    {"date":"October07","day":"A"},
    {"date":"October08","day":"B"},
    {"date":"October09","day":"PSAT Testing"},
    {"date":"October10","day":"A"},
    {"date":"October11","day":"Teacher Workday"},
    {"date":"October14","day":"Teacher Workday"},
    {"date":"October15","day":"B"},
    {"date":"October16","day":"A"},
    {"date":"October17","day":"B"},
    {"date":"October18","day":"A"},
    {"date":"October21","day":"B"},
    {"date":"October22","day":"A"},
    {"date":"October23","day":"B"},
    {"date":"October24","day":"A"},
    {"date":"October25","day":"B"},
    {"date":"October28","day":"A"},
    {"date":"October29","day":"B"},
    {"date":"October30","day":"A"},
    {"date":"October31","day":"B"},
    {"date":"November01","day":"School Holiday"},
    {"date":"November04","day":"Teacher Workday"},
    {"date":"November05","day":"Teacher Workday"},
    {"date":"November06","day":"A"},
    {"date":"November07","day":"B"},
    {"date":"November08","day":"A"},
    {"date":"November11","day":"School Holiday"},
    {"date":"November12","day":"B"},
    {"date":"November13","day":"A"},
    {"date":"November14","day":"B"},
    {"date":"November15","day":"A"},
    {"date":"November18","day":"B"},
    {"date":"November19","day":"A"},
    {"date":"November20","day":"B"},
    {"date":"November21","day":"A"},
    {"date":"November22","day":"B"},
    {"date":"November25","day":"A"},
    {"date":"November26","day":"B"},
    {"date":"November27","day":"School Holiday"},
    {"date":"November28","day":"School Holiday"},
    {"date":"November29","day":"School Holiday"},
    {"date":"December02","day":"A"},
    {"date":"December03","day":"B"},
    {"date":"December04","day":"A"},
    {"date":"December05","day":"B"},
    {"date":"December06","day":"A"},
    {"date":"December09","day":"B"},
    {"date":"December10","day":"A"},
    {"date":"December11","day":"B"},
    {"date":"December12","day":"A"},
    {"date":"December13","day":"B"},
    {"date":"December16","day":"A"},
    {"date":"December17","day":"B"},
    {"date":"December18","day":"A"},
    {"date":"December19","day":"B"},
    {"date":"December20","day":"A"},
    {"date":"December23","day":"School Holiday"},
    {"date":"December24","day":"School Holiday"},
    {"date":"December25","day":"School Holiday"},
    {"date":"December26","day":"School Holiday"},
    {"date":"December27","day":"School Holiday"},
    {"date":"December30","day":"School Holiday"},
    {"date":"December31","day":"School Holiday"},
    {"date":"January01","day":"School Holiday"},
    {"date":"January02","day":"School Holiday"},
    {"date":"January03","day":"School Holiday"},
    {"date":"January06","day":"Snow Day (B)"},
    {"date":"January07","day":"Snow Day (A)"},
    {"date":"January08","day":"Snow Day (B)"},
    {"date":"January09","day":"A"},
    {"date":"January10","day":"B"},
    {"date":"January13","day":"A"},
    {"date":"January14","day":"B"},
    {"date":"January15","day":"A"},
    {"date":"January16","day":"B"},
    {"date":"January17","day":"A"},
    {"date":"January20","day":"School Holiday"},
    {"date":"January21","day":"B"},
    {"date":"January22","day":"A"},
    {"date":"January23","day":"B"},
    {"date":"January24","day":"A"},
    {"date":"January27","day":"B"},
    {"date":"January28","day":"A"},
    {"date":"January29","day":"B"},
    {"date":"January30","day":"Teacher Workday"},
    {"date":"January31","day":"Teacher Workday"},
    {"date":"February3","day":"A"},
    {"date":"February4","day":"B"},
    {"date":"February5","day":"A"},
    {"date":"February6","day":"B"},
    {"date":"February7","day":"A"}
]